bytes,content-type,elapsed,endpoint,resource,status,entry-date,start-date,end-date
824,text/plain; charset=utf-8,0.315,60bd2006a03145bb4d7ab42da5c1966341bb6cf2f2e9824582427c172cc4d277,b963fb91d684df24a6c0f316370ef878a6fb4489765e2cda872e569b02f1e1ac,200,2021-02-01T12:46:42.088289,,
795,text/plain; charset=utf-8,0.117,60bd2006a03145bb4d7ab42da5c1966341bb6cf2f2e9824582427c172cc4d277,b963fb91d684df24a6c0f316370ef878a6fb4489765e2cda872e569b02f1e1ac,200,2021-02-02T00:21:35.254942,,
795,text/plain; charset=utf-8,0.118,60bd2006a03145bb4d7ab42da5c1966341bb6cf2f2e9824582427c172cc4d277,b963fb91d684df24a6c0f316370ef878a6fb4489765e2cda872e569b02f1e1ac,200,2021-02-03T00:16:48.971621,,
795,text/plain; charset=utf-8,0.103,60bd2006a03145bb4d7ab42da5c1966341bb6cf2f2e9824582427c172cc4d277,b963fb91d684df24a6c0f316370ef878a6fb4489765e2cda872e569b02f1e1ac,200,2021-02-04T00:18:24.801861,,
795,text/plain; charset=utf-8,0.096,60bd2006a03145bb4d7ab42da5c1966341bb6cf2f2e9824582427c172cc4d277,b963fb91d684df24a6c0f316370ef878a6fb4489765e2cda872e569b02f1e1ac,200,2021-02-05T00:16:59.146319,,
795,text/plain; charset=utf-8,0.163,60bd2006a03145bb4d7ab42da5c1966341bb6cf2f2e9824582427c172cc4d277,b963fb91d684df24a6c0f316370ef878a6fb4489765e2cda872e569b02f1e1ac,200,2021-02-06T00:15:33.245928,,
795,text/plain; charset=utf-8,0.122,60bd2006a03145bb4d7ab42da5c1966341bb6cf2f2e9824582427c172cc4d277,b963fb91d684df24a6c0f316370ef878a6fb4489765e2cda872e569b02f1e1ac,200,2021-02-07T00:16:26.285229,,
795,text/plain; charset=utf-8,0.14,60bd2006a03145bb4d7ab42da5c1966341bb6cf2f2e9824582427c172cc4d277,b963fb91d684df24a6c0f316370ef878a6fb4489765e2cda872e569b02f1e1ac,200,2021-02-08T00:16:23.165326,,
795,text/plain; charset=utf-8,0.169,60bd2006a03145bb4d7ab42da5c1966341bb6cf2f2e9824582427c172cc4d277,b963fb91d684df24a6c0f316370ef878a6fb4489765e2cda872e569b02f1e1ac,200,2021-02-09T00:15:53.395668,,
795,text/plain; charset=utf-8,0.131,60bd2006a03145bb4d7ab42da5c1966341bb6cf2f2e9824582427c172cc4d277,b963fb91d684df24a6c0f316370ef878a6fb4489765e2cda872e569b02f1e1ac,200,2021-02-10T00:16:07.696768,,
